Broader,N (Initial),N (Replication),Total,% Discovery,% Replication,% Total
African,280707,129832,410539,0.288904351856265,0.296801555862688,0.2913560019131293
African Am./Caribbean,1755647,816448,2572095,1.806916317097173,1.866435367867551,1.8253937281007417
Asian,5560778,5703016,11263794,5.723166732238875,13.037340731944386,7.993817849736796
European,80298949,31062199,111361148,82.6438806854987,71.00952763352973,79.03205018216607
Hispanic/Latin American,1274360,387000,1661360,1.3115745237259844,0.8846987038546756,1.179052921496853
In Part Not Recorded,7442500,4813028,12255528,7.659839757078564,11.002789749912822,8.697642950887516
Other/Mixed,549666,832183,1381849,0.5657176325044468,1.902406257028154,0.9806863656988882
