Broader,N (Initial),N (Replication),Total,% Discovery,% Replication,% Total
African,366395,144837,511232,0.3042454671311555,0.26296273453647145,0.29128976527332023
African Am./Caribbean,2238062,1015713,3253775,1.858432071012127,1.844105221623225,1.8539358960358459
Asian,11109769,9038288,20148057,9.22528107404367,16.409708348061447,11.479959772165037
European,96867242,38423715,135290957,80.43619397643714,69.7612154867198,77.08608050382773
Hispanic/Latin American,1500873,665219,2166092,1.246288314495391,1.2077563558042281,1.234195884139523
In Part Not Recorded,7786463,4934147,12720610,6.4656888678460644,8.958324100367495,7.247949074067058
Other/Mixed,558627,856988,1415615,0.4638702290344464,1.5559277528873257,0.8065891044914857
