Broader,N (Initial),N (Replication),Total,% Discovery,% Replication,% Total
African,366395,144837,511232,0.3252768566406496,0.2888377569261474,0.314052101668274
African Am./Caribbean,2238062,1015713,3253775,1.9868987631569361,2.0255615940728404,1.998808519626487
Asian,11109769,9038288,20148057,9.862991411792555,18.02439178091589,12.377041432035123
European,96867242,38423715,135290957,85.99645734578559,76.62558361033138,83.10983933431805
Hispanic/Latin American,1500873,665219,2166092,1.3324397212211456,1.3265972356832498,1.330639993206284
Other/Mixed,558627,856988,1415615,0.49593590140312005,1.7090280220705016,0.8696186191457768
