Broader,N (Initial),N (Replication),Total,% Discovery,% Replication,% Total
African,364922,143454,508376,0.29236847628771817,0.2554752955510302,0.2809210186148745
African Am./Caribbean,2289950,1002735,3292685,1.8346638248038216,1.7857572496017005,1.819488772439923
Asian,11607308,9183808,20791116,9.299551558311753,16.355319914982612,11.488861560852628
European,100678946,39199644,139878590,80.66203198566669,69.81011778267019,77.29482899509891
Hispanic/Latin American,1520762,678596,2199358,1.2184052173786806,1.208502472289005,1.2153325287951697
In Part Not Recorded,7789855,5040079,12829934,6.241081756792583,8.975808775813437,7.089630761565478
Other/Mixed,564039,903493,1467532,0.4518971807587601,1.6090185090920222,0.8109363626330197
