Broader Ancestral,N (Initial),N (Replication),Total,% Discovery,% Replication,% Total
African ,265815.0,126152.0,391967.0,0.34227649543789723,0.3544792470513709,0.34611115834729206
African Am.\Caribbean,1638329.0,830852.0,2469181.0,2.109593170040346,2.3346422678286958,2.180313893973536
Asian ,4810303.0,5429344.0,10239647.0,6.193983232076456,15.256117803149206,9.041720563816275
European ,69268220.0,27991188.0,97259408.0,89.19317415052296,78.6534913938215,85.88112357175956
Hispanic\Latin American,1194851.0,378374.0,1573225.0,1.5385490391831422,1.0632073262716042,1.3891749231208712
Other/Mixed,483380.0,832069.0,1315449.0,0.6224239127392012,2.3380619618776333,1.1615558889824578
