Broader,N (Initial),N (Replication),Total,% Discovery,% Replication,% Total
African,280707,129832,410539,0.31286966699671903,0.33349534780771095,0.31911115039057086
African Am./Caribbean,1755647,816448,2572095,1.9568043983719279,2.0971841281572337,1.9992843417162205
Asian,5560778,5703016,11263794,6.197917262849453,14.649156636830213,8.755324734318567
European,80298949,31062199,111361148,89.49939058810975,79.78848711548255,86.56079945411915
Hispanic/Latin American,1274360,387000,1661360,1.420372804504123,0.99407464724863,1.2913718326709005
Other/Mixed,549666,832183,1381849,0.6126452791680241,2.1376021244736605,1.074108486784593
