Broader,N (Initial),N (Replication),Total,% Discovery,% Replication,% Total
African ,265815.0,126152.0,391967.0,0.3197643837584017,0.3132667339395174,0.31764393769956073
African Am.\Caribbean,1638329.0,830852.0,2469181.0,1.9708416119425858,2.0632117796556213,2.0009857353627702
Asian ,4810303.0,5429344.0,10239647.0,5.78659433999658,13.482409017012136,8.298050074964202
European ,69268220.0,27991188.0,97259408.0,83.32678623230967,69.50906877296445,78.8175059008747
Hispanic\Latin American,1194851.0,378374.0,1573225.0,1.4373560321957377,0.9395965754615937,1.2749169799687
In Part Not Recorded,5467497.0,4681857.0,10149354.0,6.57717137447439,11.626213228183992,8.224878037352092
Other\Mixed,483380.0,832069.0,1315449.0,0.5814860253226349,2.066233892782677,1.0660193337779698
