Continent,N,Count,N (%),Count (%)
Africa,63616,62,0.11439065390093149,0.9871039643368891
Asia,11511832,1569,20.699918103585073,24.980098710396433
Europe,32560802,1827,58.548972464769214,29.08772488457252
North America,11117941,2674,19.991645828439015,42.572838719949054
Oceania,332398,119,0.5976990784607933,1.894602770259513
Seven seas (open ocean),1389,1,0.0024976203827400943,0.01592103168285305
South America,24957,29,0.04487625046223509,0.4617099188027384
