Continent,N,Count,N (%),Count (%)
Africa,65089,63,0.12035931570729844,1.0166209456188477
Asia,11011767,1539,20.362407485876425,24.834597385831856
Europe,31904248,1804,58.99573595286369,29.110860093593676
North America,10739057,2642,19.85812582558763,42.633532354365016
Oceania,332398,119,0.6146537175632532,1.9202840083911572
Seven seas (open ocean),1389,1,0.0025684691655646504,0.016136840406648378
South America,24957,29,0.04614923323613894,0.467968371792803
