Continent,N,Count,N (%),Count (%)
Africa,39742.0,43,0.1091174849526214,0.7986627043090638
Asia,5180891.0,1298,14.224895469117598,24.10846953937593
Europe,21529123.0,1528,59.11136216082822,28.38038632986627
North America,9345005.0,2380,25.658080682141605,44.205052005943536
Oceania,302888.0,107,0.8316233904264905,1.9873699851411588
Seven seas (open ocean),1389.0,1,0.0038137030496500205,0.018573551263001486
South America,22256.0,27,0.06110710948380912,0.5014858841010401
