Continent,N,Count,N (%),Count (%)
Africa,61021,59,0.11463294061267502,0.9659462999345121
Asia,10952637,1498,20.575424636980504,24.52521283562541
Europe,31192652,1762,58.59794864502121,28.847413228552714
North America,10667907,2642,20.040536038290757,43.254747871643744
Oceania,331082,117,0.621964622735217,1.9155206286836934
Seven seas (open ocean),1389,1,0.0026093501337409353,0.016371971185330715
South America,24957,29,0.04688376622589815,0.47478716437459073
